{
  "@attributes": {
    "count": "1"
  },
  "CatalogVendorItem": {
    "catalogVendorItemID": "37958733",
    "vendorNumber": "1AG CH01",
    "description": "Cross Hares: Testing Ground",
    "category": "",
    "model": "",
    "retailUnit": "1",
    "unitOfMeasurement": "",
    "cost": "0",
    "costLevel2": "0",
    "costLevel3": "0",
    "costLevel4": "0",
    "msrp": "49.95",
    "breakQty": "0",
    "breakPrice": "0",
    "manufacturerNumber": "",
    "brand": "",
    "upc": "8500520050162",
    "ean": "",
    "ean2": "",
    "status": "",
    "year": "",
    "replacement": "",
    "replacementDescription": "",
    "breakQty2": "0",
    "breakPrice2": "0",
    "breakQty3": "0",
    "breakPrice3": "0",
    "colorName": "",
    "sizeName": "",
    "archived": "false",
    "lastQoh": "0",
    "timeStamp": "2015-11-10T03:09:01+00:00",
    "catalogVendorID": "1222"
  }
}