{
  "@attributes": {
    "count": "3",
    "offset": "0",
    "limit": "100"
  },
  "Category": [
    {
      "categoryID": "1",
      "name": "Accesories",
      "nodeDepth": "0",
      "fullPathName": "Accesories",
      "leftNode": "1",
      "rightNode": "2",
      "createTime": "2016-02-29T19:22:55+00:00",
      "timeStamp": "2016-08-12T13:32:52+00:00",
      "parentID": "0"
    },
    {
      "categoryID": "2",
      "name": "Misc",
      "nodeDepth": "0",
      "fullPathName": "Misc",
      "leftNode": "3",
      "rightNode": "6",
      "createTime": "2016-08-12T13:32:51+00:00",
      "timeStamp": "2016-08-12T13:39:45+00:00",
      "parentID": "0"
    },
    {
      "categoryID": "3",
      "name": "Home",
      "nodeDepth": "1",
      "fullPathName": "Misc/Home",
      "leftNode": "4",
      "rightNode": "5",
      "createTime": "2016-08-12T13:39:45+00:00",
      "timeStamp": "2016-08-12T13:39:45+00:00",
      "parentID": "2"
    }
  ]
}