{
	"@attributes": {
		"count": "1"
	},
	"Customer": {
		"firstName": "Junior",
		"lastName": "Doe",
		"title": "",
		"company": "",
		"companyRegistrationNumber": "",
		"vatNumber": "",
		"creditAccountID": "0",
		"customerTypeID": "0",
		"discountID": "0",
		"taxCategoryID": "0",
		"Contact": {
			"custom": "",
			"noEmail": "false",
			"noPhone": "false",
			"noMail": "false",
			"Addresses": {
				"ContactAddress": {
					"address1": "",
					"address2": "",
					"city": "",
					"state": "",
					"stateCode": "",
					"zip": "",
					"country": "",
					"countryCode": ""
				}
			},
			"Phones": "",
			"Emails": "",
			"Websites": "",
			"timeStamp": "2017-03-21T20:03:58+00:00"
		},
		"customerID": "11",
		"createTime": "2017-03-21T20:03:58+00:00",
		"timeStamp": "2017-03-21T20:03:58+00:00",
		"archived": "false"
	}
}