{
    "@attributes": {
        "count": "1"
    },
    "Shop": {
        "shopID": "2",
        "name": "2nd Location",
        "serviceRate": "0",
        "timeZone": "America/Toronto",
        "taxLabor": "false",
        "labelTitle": "Shop Name",
        "labelMsrp": "false",
        "archived": "false",
        "timeStamp": "2020-05-22T04:33:29+00:00",
        "companyRegistrationNumber": "",
        "vatNumber": "",
        "zebraBrowserPrint": "true",
        "contactID": "7",
        "taxCategoryID": "0",
        "receiptSetupID": "2",
        "ccGatewayID": "0",
        "gatewayConfigID": "",
        "priceLevelID": "1",
        "Contact": {
            "contactID": "7",
            "custom": "",
            "noEmail": "true",
            "noPhone": "true",
            "noMail": "true",
            "timeStamp": "2020-05-22T04:33:29+00:00",
            "Addresses": "",
            "Phones": "",
            "Emails": "",
            "Websites": ""
        }
    }
}