{
    "@attributes": {
        "count": "2",
        "offset": "0",
        "limit": "100"
    },
    "Employee": [
        {
            "employeeID": "1",
            "firstName": "Jane",
            "lastName": "Doe",
            "lockOut": "false",
            "archived": "false",
            "timeStamp": "2018-06-13T14:09:39+00:00",
            "contactID": "1",
            "clockInEmployeeHoursID": "0",
            "employeeRoleID": "4",
            "limitToShopID": "0",
            "lastShopID": "1",
            "lastSaleID": "2",
            "lastRegisterID": "1",
            "Register": {
                "registerID": "1",
                "name": "Register 1",
                "open": "true",
                "openTime": "2018-06-04T13:13:09+00:00",
                "archived": "false",
                "tipEnabled": "true",
                "openEmployeeID": "1",
                "shopID": "1",
                "ccTerminalID": "",
                "Shop": {
                    "shopID": "1",
                    "name": "Lightspeed Shop",
                    "serviceRate": "0",
                    "timeZone": "America/New_York",
                    "taxLabor": "false",
                    "labelTitle": "Shop Name",
                    "labelMsrp": "false",
                    "archived": "false",
                    "timeStamp": "2018-06-13T14:23:33+00:00",
                    "companyRegistrationNumber": "",
                    "vatNumber": "",
                    "zebraBrowserPrint": "true",
                    "contactID": "2",
                    "taxCategoryID": "1",
                    "receiptSetupID": "1",
                    "gatewayConfigID": "",
                    "priceLevelID": "1"
                }
            }
        },
        {
            "employeeID": "1",
            "firstName": "Jane",
            "lastName": "Doe",
            "lockOut": "false",
            "archived": "false",
            "timeStamp": "2018-06-13T14:09:39+00:00",
            "contactID": "1",
            "clockInEmployeeHoursID": "0",
            "employeeRoleID": "4",
            "limitToShopID": "0",
            "lastShopID": "1",
            "lastSaleID": "2",
            "lastRegisterID": "1",
            "Register": {
                "registerID": "1",
                "name": "Register 1",
                "open": "true",
                "openTime": "2018-06-04T13:13:09+00:00",
                "archived": "false",
                "tipEnabled": "true",
                "openEmployeeID": "1",
                "shopID": "1",
                "ccTerminalID": "",
                "Shop": {
                    "shopID": "1",
                    "name": "Lightspeed Shop",
                    "serviceRate": "0",
                    "timeZone": "America/New_York",
                    "taxLabor": "false",
                    "labelTitle": "Shop Name",
                    "labelMsrp": "false",
                    "archived": "false",
                    "timeStamp": "2018-06-13T14:23:33+00:00",
                    "companyRegistrationNumber": "",
                    "vatNumber": "",
                    "zebraBrowserPrint": "true",
                    "contactID": "2",
                    "taxCategoryID": "1",
                    "receiptSetupID": "1",
                    "gatewayConfigID": "",
                    "priceLevelID": "1"
                }
            }
        }
    ]
}