{
  "@attributes": {
    "count": "1"
  },
  "Shop": {
    "shopID": "3",
    "name": "Kiosk",
    "serviceRate": "0",
    "timeZone": "US/Central",
    "taxLabor": "false",
    "labelTitle": "Shop Name",
    "labelMsrp": "false",
    "archived": "false",
    "timeStamp": "2017-04-07T13:46:44+00:00",
    "companyRegistrationNumber": "",
    "vatNumber": "",
    "zebraBrowserPrint": "false",
    "contactID": "14",
    "taxCategoryID": "0",
    "receiptSetupID": "3",
    "ccGatewayID": "3",
    "gatewayConfigID": "3",
    "priceLevelID": "1"
  }
}